message_id,sender_id,receiver_id,timestamp,message_text
50001,1283,1019,2025-01-02 07:17:00,Can we talk outside the app?
50002,1136,1471,2025-01-18 13:58:00,Can we talk outside the app?
50003,1467,1311,2025-01-05 21:33:00,Crypto is a great investment opportunity.
50004,1380,1358,2025-01-27 07:29:00,"Hello dear, can I ask you something…"
50005,1362,1374,2025-01-30 08:44:00,"Hey, how are you?"
50006,1449,1466,2025-01-27 15:13:00,Do you like traveling?
50007,1441,1154,2025-01-24 00:47:00,"Hello dear, can I ask you something…"
50008,1093,1390,2025-01-03 14:13:00,Can you send me something urgent?
50009,1109,1260,2025-01-24 03:15:00,Do you like traveling?
50010,1241,1108,2025-01-04 20:53:00,Can we talk outside the app?
50011,1355,1371,2025-01-04 22:13:00,Can you send me something urgent?
50012,1424,1285,2025-01-12 11:52:00,Do you like traveling?
50013,1142,1059,2025-01-23 12:54:00,Crypto is a great investment opportunity.
50014,1291,1125,2025-01-20 00:45:00,Crypto is a great investment opportunity.
50015,1432,1354,2025-01-28 13:31:00,I need help with money…
50016,1237,1273,2025-01-16 21:19:00,Let’s meet sometime.
50017,1340,1107,2025-01-12 22:00:00,Crypto is a great investment opportunity.
50018,1312,1299,2025-01-24 13:16:00,Can we talk outside the app?
50019,1177,1245,2025-01-17 02:19:00,"Hey, how are you?"
50020,1141,1336,2025-01-01 18:08:00,You seem interesting!
50021,1189,1450,2025-01-28 14:57:00,I need help with money…
50022,1486,1418,2025-01-28 13:00:00,You seem interesting!
50023,1049,1247,2025-01-08 22:02:00,Let’s meet sometime.
50024,1302,1008,2025-01-04 07:02:00,Do you like traveling?
50025,1369,1141,2025-01-15 09:30:00,What are you looking for here?
50026,1190,1362,2025-01-07 08:45:00,Crypto is a great investment opportunity.
50027,1136,1008,2025-01-15 07:14:00,"Hey, how are you?"
50028,1043,1478,2025-01-18 15:51:00,Let’s meet sometime.
50029,1404,1352,2025-01-19 18:38:00,You seem interesting!
50030,1380,1484,2025-01-20 00:07:00,I need help with money…
50031,1353,1495,2025-01-18 05:38:00,Crypto is a great investment opportunity.
50032,1090,1094,2025-01-18 05:13:00,Can we talk outside the app?
50033,1295,1321,2025-01-30 13:34:00,Crypto is a great investment opportunity.
50034,1341,1427,2025-01-07 17:40:00,I need help with money…
50035,1245,1039,2025-01-01 05:04:00,I need help with money…
50036,1433,1081,2025-01-16 19:31:00,What are you looking for here?
50037,1192,1187,2025-01-01 04:39:00,Crypto is a great investment opportunity.
50038,1318,1084,2025-01-15 22:04:00,Crypto is a great investment opportunity.
50039,1106,1088,2025-01-21 17:29:00,What are you looking for here?
50040,1363,1242,2025-01-09 10:10:00,Can you send me something urgent?
50041,1310,1342,2025-01-03 02:18:00,Can you send me something urgent?
50042,1382,1093,2025-01-16 22:08:00,Do you like traveling?
50043,1233,1086,2025-01-06 11:54:00,Can you send me something urgent?
50044,1265,1044,2025-01-07 02:41:00,"Hello dear, can I ask you something…"
50045,1344,1137,2025-01-05 07:46:00,Crypto is a great investment opportunity.
50046,1037,1421,2025-01-05 07:29:00,"Hey, how are you?"
50047,1305,1074,2025-01-09 15:50:00,Crypto is a great investment opportunity.
50048,1041,1036,2025-01-25 10:00:00,"Hello dear, can I ask you something…"
50049,1017,1101,2025-01-24 02:22:00,"Hello dear, can I ask you something…"
50050,1344,1476,2025-01-03 22:10:00,You seem interesting!
50051,1277,1156,2025-01-12 08:15:00,Crypto is a great investment opportunity.
50052,1307,1426,2025-01-05 21:00:00,Let’s meet sometime.
50053,1059,1255,2025-01-08 01:14:00,"Hello dear, can I ask you something…"
50054,1423,1171,2025-01-07 23:41:00,"Hey, how are you?"
50055,1183,1469,2025-01-05 21:25:00,What are you looking for here?
50056,1041,1216,2025-01-03 16:04:00,Do you like traveling?
50057,1039,1170,2025-01-11 05:06:00,You seem interesting!
50058,1397,1252,2025-01-23 10:01:00,What are you looking for here?
50059,1192,1360,2025-01-11 08:54:00,You seem interesting!
50060,1267,1322,2025-01-25 12:37:00,"Hey, how are you?"
50061,1494,1055,2025-01-10 22:54:00,I need help with money…
50062,1147,1456,2025-01-20 07:03:00,Crypto is a great investment opportunity.
50063,1395,1432,2025-01-04 03:45:00,Can we talk outside the app?
50064,1333,1091,2025-01-28 05:28:00,Let’s meet sometime.
50065,1127,1278,2025-01-07 17:29:00,What are you looking for here?
50066,1046,1101,2025-01-13 04:02:00,Crypto is a great investment opportunity.
50067,1045,1155,2025-01-03 12:54:00,Let’s meet sometime.
50068,1001,1377,2025-01-07 01:35:00,I need help with money…
50069,1168,1349,2025-01-03 05:47:00,Can we talk outside the app?
50070,1108,1451,2025-01-19 10:06:00,Let’s meet sometime.
50071,1019,1364,2025-01-14 11:07:00,Let’s meet sometime.
50072,1332,1141,2025-01-07 17:59:00,What are you looking for here?
50073,1072,1173,2025-01-18 19:11:00,Can you send me something urgent?
50074,1456,1010,2025-01-04 14:55:00,Can we talk outside the app?
50075,1445,1228,2025-01-29 17:30:00,Crypto is a great investment opportunity.
50076,1109,1265,2025-01-05 09:04:00,I need help with money…
50077,1268,1438,2025-01-17 06:16:00,Can we talk outside the app?
50078,1445,1248,2025-01-01 22:43:00,"Hey, how are you?"
50079,1240,1247,2025-01-14 08:24:00,Can you send me something urgent?
50080,1417,1155,2025-01-09 05:46:00,"Hey, how are you?"
50081,1301,1034,2025-01-16 06:59:00,I need help with money…
50082,1090,1499,2025-01-07 15:19:00,What are you looking for here?
50083,1103,1129,2025-01-01 18:59:00,What are you looking for here?
50084,1476,1160,2025-01-10 08:01:00,I need help with money…
50085,1250,1089,2025-01-20 13:15:00,You seem interesting!
50086,1453,1093,2025-01-21 13:14:00,I need help with money…
50087,1008,1327,2025-01-07 06:30:00,Can you send me something urgent?
50088,1153,1241,2025-01-27 10:24:00,"Hello dear, can I ask you something…"
50089,1347,1323,2025-01-23 09:49:00,What are you looking for here?
50090,1174,1468,2025-01-05 20:13:00,Do you like traveling?
50091,1343,1404,2025-01-03 14:17:00,Can you send me something urgent?
50092,1158,1117,2025-01-14 03:14:00,Can you send me something urgent?
50093,1493,1094,2025-01-25 16:52:00,Can you send me something urgent?
50094,1431,1163,2025-01-23 00:03:00,Let’s meet sometime.
50095,1215,1099,2025-01-14 20:45:00,Can you send me something urgent?
50096,1177,1113,2025-01-20 19:51:00,What are you looking for here?
50097,1175,1359,2025-01-27 00:29:00,"Hello dear, can I ask you something…"
50098,1340,1091,2025-01-23 13:49:00,"Hello dear, can I ask you something…"
50099,1338,1346,2025-01-18 21:57:00,Can you send me something urgent?
50100,1146,1206,2025-01-15 11:58:00,"Hey, how are you?"
50101,1450,1017,2025-01-05 18:35:00,What are you looking for here?
50102,1324,1274,2025-01-19 12:23:00,What are you looking for here?
50103,1478,1173,2025-01-13 01:07:00,Can we talk outside the app?
50104,1161,1116,2025-01-03 07:03:00,Crypto is a great investment opportunity.
50105,1127,1349,2025-01-16 17:38:00,You seem interesting!
50106,1420,1468,2025-01-14 14:31:00,You seem interesting!
50107,1082,1181,2025-01-11 13:53:00,"Hey, how are you?"
50108,1485,1091,2025-01-06 07:59:00,You seem interesting!
50109,1147,1082,2025-01-01 07:04:00,Can we talk outside the app?
50110,1239,1324,2025-01-12 17:59:00,I need help with money…
50111,1412,1449,2025-01-27 01:27:00,You seem interesting!
50112,1424,1114,2025-01-09 04:53:00,What are you looking for here?
50113,1084,1257,2025-01-18 18:47:00,I need help with money…
50114,1113,1058,2025-01-14 10:27:00,You seem interesting!
50115,1225,1154,2025-01-10 22:29:00,What are you looking for here?
50116,1332,1365,2025-01-17 13:05:00,What are you looking for here?
50117,1378,1404,2025-01-25 05:55:00,Can you send me something urgent?
50118,1243,1116,2025-01-07 04:41:00,"Hello dear, can I ask you something…"
50119,1143,1343,2025-01-08 10:03:00,"Hey, how are you?"
50120,1041,1266,2025-01-03 16:17:00,Can we talk outside the app?
50121,1423,1315,2025-01-14 19:19:00,Let’s meet sometime.
50122,1258,1203,2025-01-15 07:16:00,Crypto is a great investment opportunity.
50123,1447,1041,2025-01-06 12:23:00,You seem interesting!
50124,1285,1105,2025-01-03 03:57:00,You seem interesting!
50125,1105,1389,2025-01-10 06:33:00,I need help with money…
50126,1202,1378,2025-01-22 20:37:00,I need help with money…
50127,1450,1193,2025-01-08 04:22:00,Crypto is a great investment opportunity.
50128,1307,1401,2025-01-29 13:43:00,You seem interesting!
50129,1331,1278,2025-01-07 06:44:00,Do you like traveling?
50130,1461,1354,2025-01-12 21:12:00,Can we talk outside the app?
50131,1266,1237,2025-01-25 20:03:00,You seem interesting!
50132,1398,1425,2025-01-19 20:26:00,"Hello dear, can I ask you something…"
50133,1210,1221,2025-01-24 14:34:00,Crypto is a great investment opportunity.
50134,1051,1068,2025-01-06 00:50:00,Do you like traveling?
50135,1118,1197,2025-01-11 17:38:00,Can we talk outside the app?
50136,1201,1256,2025-01-20 17:42:00,You seem interesting!
50137,1377,1139,2025-01-16 23:31:00,Let’s meet sometime.
50138,1039,1312,2025-01-23 06:43:00,Can you send me something urgent?
50139,1028,1435,2025-01-28 22:19:00,"Hello dear, can I ask you something…"
50140,1259,1149,2025-01-06 11:34:00,Let’s meet sometime.
50141,1084,1099,2025-01-19 15:31:00,I need help with money…
50142,1454,1076,2025-01-02 05:50:00,I need help with money…
50143,1155,1282,2025-01-03 06:35:00,You seem interesting!
50144,1117,1371,2025-01-15 14:53:00,I need help with money…
50145,1002,1403,2025-01-02 23:51:00,"Hello dear, can I ask you something…"
50146,1093,1109,2025-01-20 22:43:00,Can we talk outside the app?
50147,1166,1188,2025-01-26 00:16:00,What are you looking for here?
50148,1387,1199,2025-01-20 16:14:00,"Hey, how are you?"
50149,1400,1303,2025-01-09 07:16:00,Crypto is a great investment opportunity.
50150,1350,1327,2025-01-12 21:32:00,Can we talk outside the app?
50151,1296,1154,2025-01-07 14:09:00,What are you looking for here?
50152,1258,1040,2025-01-07 14:44:00,Do you like traveling?
50153,1081,1133,2025-01-27 20:01:00,"Hello dear, can I ask you something…"
50154,1425,1405,2025-01-17 11:23:00,Let’s meet sometime.
50155,1268,1462,2025-01-10 14:30:00,What are you looking for here?
50156,1419,1132,2025-01-03 00:25:00,"Hello dear, can I ask you something…"
50157,1235,1279,2025-01-14 15:41:00,Can you send me something urgent?
50158,1321,1362,2025-01-24 03:51:00,Let’s meet sometime.
50159,1311,1084,2025-01-15 11:45:00,I need help with money…
50160,1301,1399,2025-01-03 06:15:00,I need help with money…
50161,1463,1242,2025-01-16 07:46:00,Let’s meet sometime.
50162,1474,1116,2025-01-12 17:44:00,Do you like traveling?
50163,1357,1109,2025-01-11 05:50:00,Do you like traveling?
50164,1213,1221,2025-01-16 08:49:00,Do you like traveling?
50165,1062,1392,2025-01-27 01:21:00,What are you looking for here?
50166,1049,1041,2025-01-22 16:00:00,Crypto is a great investment opportunity.
50167,1127,1368,2025-01-20 07:39:00,What are you looking for here?
50168,1223,1147,2025-01-24 13:11:00,You seem interesting!
50169,1409,1112,2025-01-01 00:16:00,"Hey, how are you?"
50170,1279,1103,2025-01-24 16:41:00,Let’s meet sometime.
50171,1408,1046,2025-01-25 03:52:00,Can we talk outside the app?
50172,1294,1412,2025-01-12 04:02:00,"Hey, how are you?"
50173,1284,1494,2025-01-17 07:28:00,Can you send me something urgent?
50174,1277,1475,2025-01-20 15:41:00,What are you looking for here?
50175,1438,1324,2025-01-12 23:11:00,What are you looking for here?
50176,1107,1378,2025-01-22 10:45:00,"Hello dear, can I ask you something…"
50177,1146,1271,2025-01-23 11:26:00,"Hey, how are you?"
50178,1420,1483,2025-01-15 00:51:00,"Hello dear, can I ask you something…"
50179,1099,1421,2025-01-06 10:05:00,Can we talk outside the app?
50180,1429,1385,2025-01-16 03:17:00,"Hello dear, can I ask you something…"
50181,1375,1195,2025-01-01 03:43:00,"Hey, how are you?"
50182,1073,1367,2025-01-17 02:53:00,Let’s meet sometime.
50183,1437,1280,2025-01-02 18:38:00,Can you send me something urgent?
50184,1486,1283,2025-01-10 14:02:00,What are you looking for here?
50185,1122,1040,2025-01-29 00:12:00,Can we talk outside the app?
50186,1030,1447,2025-01-13 10:47:00,What are you looking for here?
50187,1188,1189,2025-01-17 03:49:00,You seem interesting!
50188,1364,1164,2025-01-13 18:05:00,Can you send me something urgent?
50189,1354,1482,2025-01-17 15:35:00,Crypto is a great investment opportunity.
50190,1288,1477,2025-01-13 16:46:00,"Hello dear, can I ask you something…"
50191,1451,1024,2025-01-08 00:35:00,I need help with money…
50192,1195,1024,2025-01-17 13:54:00,"Hey, how are you?"
50193,1156,1490,2025-01-09 17:06:00,What are you looking for here?
50194,1172,1004,2025-01-05 07:04:00,"Hello dear, can I ask you something…"
50195,1335,1323,2025-01-05 15:58:00,Can we talk outside the app?
50196,1041,1290,2025-01-15 18:00:00,What are you looking for here?
50197,1063,1441,2025-01-17 10:26:00,Crypto is a great investment opportunity.
50198,1023,1433,2025-01-12 11:40:00,Can you send me something urgent?
50199,1360,1471,2025-01-09 00:57:00,Can you send me something urgent?
50200,1075,1181,2025-01-18 08:42:00,What are you looking for here?
50201,1048,1248,2025-01-11 22:11:00,Can we talk outside the app?
50202,1160,1116,2025-01-11 03:10:00,Can you send me something urgent?
50203,1313,1279,2025-01-09 02:19:00,Can you send me something urgent?
50204,1118,1365,2025-01-22 20:42:00,Crypto is a great investment opportunity.
50205,1100,1069,2025-01-19 10:14:00,"Hey, how are you?"
50206,1380,1351,2025-01-13 22:49:00,Can we talk outside the app?
50207,1417,1254,2025-01-26 08:37:00,Can we talk outside the app?
50208,1408,1181,2025-01-25 17:57:00,Let’s meet sometime.
50209,1167,1318,2025-01-07 20:18:00,Let’s meet sometime.
50210,1290,1169,2025-01-22 02:26:00,Can you send me something urgent?
50211,1440,1313,2025-01-13 10:35:00,I need help with money…
50212,1156,1249,2025-01-26 13:47:00,Let’s meet sometime.
50213,1421,1188,2025-01-30 15:02:00,Can you send me something urgent?
50214,1007,1054,2025-01-15 20:39:00,Do you like traveling?
50215,1196,1326,2025-01-28 01:46:00,You seem interesting!
50216,1421,1357,2025-01-10 22:48:00,You seem interesting!
50217,1056,1313,2025-01-27 05:35:00,Can we talk outside the app?
50218,1321,1138,2025-01-17 12:08:00,I need help with money…
50219,1193,1168,2025-01-16 14:26:00,Crypto is a great investment opportunity.
50220,1047,1391,2025-01-23 21:47:00,"Hey, how are you?"
50221,1148,1103,2025-01-11 21:39:00,Let’s meet sometime.
50222,1275,1422,2025-01-05 23:43:00,Do you like traveling?
50223,1157,1085,2025-01-24 09:20:00,Can you send me something urgent?
50224,1202,1317,2025-01-28 20:55:00,I need help with money…
50225,1444,1212,2025-01-20 02:51:00,Can we talk outside the app?
50226,1402,1003,2025-01-10 10:20:00,Let’s meet sometime.
50227,1476,1384,2025-01-14 15:38:00,I need help with money…
50228,1419,1179,2025-01-04 19:47:00,Let’s meet sometime.
50229,1427,1342,2025-01-12 12:39:00,"Hey, how are you?"
50230,1495,1303,2025-01-13 13:51:00,"Hey, how are you?"
50231,1479,1452,2025-01-20 17:24:00,Crypto is a great investment opportunity.
50232,1475,1476,2025-01-02 02:35:00,You seem interesting!
50233,1126,1332,2025-01-27 21:38:00,"Hello dear, can I ask you something…"
50234,1395,1038,2025-01-11 05:20:00,"Hello dear, can I ask you something…"
50235,1305,1499,2025-01-13 19:22:00,Let’s meet sometime.
50236,1369,1420,2025-01-02 22:45:00,Crypto is a great investment opportunity.
50237,1294,1239,2025-01-10 23:37:00,"Hello dear, can I ask you something…"
50238,1064,1169,2025-01-07 14:51:00,Can we talk outside the app?
50239,1325,1453,2025-01-10 19:52:00,"Hello dear, can I ask you something…"
50240,1392,1397,2025-01-11 00:54:00,What are you looking for here?
50241,1418,1343,2025-01-27 14:59:00,Can you send me something urgent?
50242,1176,1314,2025-01-12 23:56:00,Crypto is a great investment opportunity.
50243,1116,1306,2025-01-25 21:46:00,Can we talk outside the app?
50244,1440,1030,2025-01-12 21:34:00,I need help with money…
50245,1204,1190,2025-01-06 18:27:00,Can we talk outside the app?
50246,1486,1357,2025-01-01 09:28:00,You seem interesting!
50247,1321,1025,2025-01-14 01:14:00,I need help with money…
50248,1031,1112,2025-01-10 22:23:00,Do you like traveling?
50249,1388,1411,2025-01-18 05:59:00,Can you send me something urgent?
50250,1113,1435,2025-01-25 21:36:00,Can you send me something urgent?
50251,1365,1206,2025-01-02 16:10:00,Can you send me something urgent?
50252,1434,1185,2025-01-01 21:25:00,Can you send me something urgent?
50253,1325,1382,2025-01-01 21:04:00,Let’s meet sometime.
50254,1414,1496,2025-01-28 10:33:00,Can you send me something urgent?
50255,1376,1379,2025-01-19 09:57:00,Can you send me something urgent?
50256,1344,1047,2025-01-29 22:06:00,Can you send me something urgent?
50257,1443,1374,2025-01-06 16:17:00,Crypto is a great investment opportunity.
50258,1067,1228,2025-01-14 06:37:00,Let’s meet sometime.
50259,1075,1039,2025-01-03 22:34:00,"Hey, how are you?"
50260,1045,1016,2025-01-24 05:54:00,Can we talk outside the app?
50261,1260,1022,2025-01-14 05:52:00,Can we talk outside the app?
50262,1154,1213,2025-01-15 17:49:00,I need help with money…
50263,1155,1310,2025-01-23 08:28:00,Crypto is a great investment opportunity.
50264,1430,1149,2025-01-25 06:15:00,What are you looking for here?
50265,1363,1456,2025-01-27 08:30:00,Can we talk outside the app?
50266,1448,1241,2025-01-28 17:49:00,"Hello dear, can I ask you something…"
50267,1475,1272,2025-01-24 02:15:00,What are you looking for here?
50268,1234,1059,2025-01-14 07:26:00,Can you send me something urgent?
50269,1051,1287,2025-01-19 01:46:00,Can you send me something urgent?
50270,1306,1426,2025-01-15 03:53:00,Let’s meet sometime.
50271,1262,1202,2025-01-03 20:20:00,What are you looking for here?
50272,1315,1032,2025-01-07 08:00:00,"Hello dear, can I ask you something…"
50273,1125,1443,2025-01-11 20:29:00,Let’s meet sometime.
50274,1399,1162,2025-01-09 12:24:00,I need help with money…
50275,1245,1255,2025-01-21 20:06:00,What are you looking for here?
50276,1030,1254,2025-01-12 15:42:00,Crypto is a great investment opportunity.
50277,1426,1009,2025-01-29 08:58:00,Can you send me something urgent?
50278,1485,1465,2025-01-06 23:29:00,Can you send me something urgent?
50279,1122,1139,2025-01-14 02:02:00,You seem interesting!
50280,1125,1480,2025-01-01 12:04:00,Let’s meet sometime.
50281,1037,1010,2025-01-23 09:25:00,"Hey, how are you?"
50282,1170,1214,2025-01-26 15:59:00,"Hey, how are you?"
50283,1124,1273,2025-01-23 01:23:00,Let’s meet sometime.
50284,1357,1324,2025-01-19 21:30:00,Crypto is a great investment opportunity.
50285,1035,1048,2025-01-07 07:17:00,Do you like traveling?
50286,1087,1436,2025-01-07 20:40:00,Let’s meet sometime.
50287,1134,1111,2025-01-04 19:06:00,Crypto is a great investment opportunity.
50288,1196,1153,2025-01-23 15:53:00,I need help with money…
50289,1274,1123,2025-01-18 17:32:00,Can you send me something urgent?
50290,1201,1405,2025-01-02 16:37:00,"Hello dear, can I ask you something…"
50291,1369,1357,2025-01-16 10:30:00,Do you like traveling?
50292,1285,1102,2025-01-24 17:08:00,What are you looking for here?
50293,1077,1241,2025-01-15 18:15:00,Do you like traveling?
50294,1059,1321,2025-01-06 01:34:00,"Hello dear, can I ask you something…"
50295,1431,1191,2025-01-23 13:50:00,You seem interesting!
50296,1126,1217,2025-01-30 15:46:00,Can you send me something urgent?
50297,1500,1051,2025-01-14 19:43:00,"Hey, how are you?"
50298,1401,1292,2025-01-10 23:16:00,Crypto is a great investment opportunity.
50299,1109,1081,2025-01-07 16:24:00,Let’s meet sometime.
50300,1224,1489,2025-01-04 06:38:00,Let’s meet sometime.
50301,1496,1383,2025-01-21 03:52:00,"Hey, how are you?"
50302,1278,1088,2025-01-15 19:49:00,Do you like traveling?
50303,1068,1194,2025-01-19 02:16:00,Can you send me something urgent?
50304,1069,1104,2025-01-03 10:50:00,Can we talk outside the app?
50305,1165,1271,2025-01-05 08:41:00,Crypto is a great investment opportunity.
50306,1489,1096,2025-01-24 00:30:00,I need help with money…
50307,1305,1423,2025-01-18 11:40:00,"Hello dear, can I ask you something…"
50308,1397,1379,2025-01-19 16:58:00,Do you like traveling?
50309,1162,1198,2025-01-25 23:56:00,What are you looking for here?
50310,1365,1001,2025-01-29 06:46:00,You seem interesting!
50311,1342,1495,2025-01-12 09:51:00,Let’s meet sometime.
50312,1309,1407,2025-01-20 00:19:00,Do you like traveling?
50313,1379,1378,2025-01-27 13:23:00,You seem interesting!
50314,1343,1167,2025-01-02 16:59:00,"Hello dear, can I ask you something…"
50315,1435,1126,2025-01-20 01:25:00,Let’s meet sometime.
50316,1387,1313,2025-01-29 13:34:00,Let’s meet sometime.
50317,1042,1081,2025-01-01 04:32:00,Can we talk outside the app?
50318,1354,1418,2025-01-04 21:57:00,Do you like traveling?
50319,1416,1251,2025-01-25 11:40:00,Can you send me something urgent?
50320,1109,1169,2025-01-27 22:11:00,"Hey, how are you?"
50321,1051,1477,2025-01-08 08:21:00,"Hey, how are you?"
50322,1250,1073,2025-01-12 03:28:00,I need help with money…
50323,1497,1141,2025-01-04 02:47:00,What are you looking for here?
50324,1341,1070,2025-01-28 20:18:00,You seem interesting!
50325,1430,1262,2025-01-03 21:05:00,Do you like traveling?
50326,1383,1340,2025-01-02 19:12:00,Crypto is a great investment opportunity.
50327,1492,1308,2025-01-12 04:45:00,What are you looking for here?
50328,1021,1245,2025-01-06 01:04:00,Can we talk outside the app?
50329,1300,1003,2025-01-16 03:44:00,Let’s meet sometime.
50330,1139,1337,2025-01-07 17:25:00,Can you send me something urgent?
50331,1359,1063,2025-01-04 17:32:00,Do you like traveling?
50332,1324,1049,2025-01-11 00:26:00,What are you looking for here?
50333,1499,1076,2025-01-19 13:39:00,What are you looking for here?
50334,1385,1368,2025-01-01 01:25:00,Can you send me something urgent?
50335,1092,1175,2025-01-30 13:17:00,I need help with money…
50336,1447,1109,2025-01-15 07:14:00,You seem interesting!
50337,1280,1183,2025-01-29 19:06:00,You seem interesting!
50338,1125,1192,2025-01-04 19:03:00,What are you looking for here?
50339,1483,1065,2025-01-14 19:03:00,"Hello dear, can I ask you something…"
50340,1397,1337,2025-01-09 02:26:00,What are you looking for here?
50341,1111,1451,2025-01-06 13:45:00,What are you looking for here?
50342,1354,1474,2025-01-03 01:45:00,Can you send me something urgent?
50343,1139,1271,2025-01-09 13:57:00,Let’s meet sometime.
50344,1484,1100,2025-01-13 11:46:00,Can you send me something urgent?
50345,1435,1032,2025-01-15 09:58:00,Do you like traveling?
50346,1273,1352,2025-01-22 18:19:00,What are you looking for here?
50347,1099,1128,2025-01-19 18:30:00,You seem interesting!
50348,1252,1452,2025-01-20 08:04:00,Crypto is a great investment opportunity.
50349,1338,1402,2025-01-12 17:46:00,You seem interesting!
50350,1104,1369,2025-01-03 20:50:00,"Hey, how are you?"
50351,1214,1339,2025-01-18 12:19:00,I need help with money…
50352,1249,1043,2025-01-29 23:40:00,Can we talk outside the app?
50353,1152,1372,2025-01-25 10:16:00,Do you like traveling?
50354,1250,1419,2025-01-07 07:08:00,Do you like traveling?
50355,1275,1488,2025-01-18 14:43:00,I need help with money…
50356,1165,1078,2025-01-16 03:09:00,Crypto is a great investment opportunity.
50357,1487,1314,2025-01-21 06:43:00,Can we talk outside the app?
50358,1341,1289,2025-01-29 18:31:00,Let’s meet sometime.
50359,1008,1270,2025-01-27 23:53:00,What are you looking for here?
50360,1284,1162,2025-01-19 13:14:00,Can we talk outside the app?
50361,1005,1189,2025-01-29 04:01:00,Crypto is a great investment opportunity.
50362,1145,1247,2025-01-25 09:49:00,"Hello dear, can I ask you something…"
50363,1101,1388,2025-01-21 20:47:00,"Hey, how are you?"
50364,1164,1216,2025-01-16 14:09:00,Can we talk outside the app?
50365,1374,1315,2025-01-17 19:57:00,Can we talk outside the app?
50366,1147,1413,2025-01-19 09:51:00,"Hey, how are you?"
50367,1064,1339,2025-01-11 15:57:00,What are you looking for here?
50368,1091,1390,2025-01-28 03:44:00,Can we talk outside the app?
50369,1117,1377,2025-01-20 15:28:00,"Hey, how are you?"
50370,1354,1481,2025-01-17 07:09:00,"Hey, how are you?"
50371,1267,1433,2025-01-23 00:43:00,"Hey, how are you?"
50372,1310,1168,2025-01-13 01:06:00,Can you send me something urgent?
50373,1173,1339,2025-01-27 15:58:00,Crypto is a great investment opportunity.
50374,1047,1193,2025-01-13 12:09:00,Can you send me something urgent?
50375,1140,1453,2025-01-18 17:45:00,"Hello dear, can I ask you something…"
50376,1246,1283,2025-01-03 12:00:00,Let’s meet sometime.
50377,1149,1336,2025-01-29 21:44:00,Can you send me something urgent?
50378,1246,1390,2025-01-23 04:23:00,Can you send me something urgent?
50379,1395,1488,2025-01-18 05:01:00,Crypto is a great investment opportunity.
50380,1487,1013,2025-01-01 09:05:00,Let’s meet sometime.
50381,1476,1240,2025-01-05 11:26:00,I need help with money…
50382,1005,1320,2025-01-29 22:40:00,"Hey, how are you?"
50383,1465,1446,2025-01-18 16:57:00,Do you like traveling?
50384,1184,1483,2025-01-08 23:57:00,Let’s meet sometime.
50385,1020,1147,2025-01-25 17:55:00,"Hello dear, can I ask you something…"
50386,1425,1204,2025-01-21 12:32:00,What are you looking for here?
50387,1046,1080,2025-01-01 10:29:00,"Hello dear, can I ask you something…"
50388,1012,1379,2025-01-13 06:55:00,"Hey, how are you?"
50389,1070,1043,2025-01-26 06:13:00,Let’s meet sometime.
50390,1017,1458,2025-01-08 00:17:00,"Hello dear, can I ask you something…"
50391,1371,1089,2025-01-16 09:25:00,"Hello dear, can I ask you something…"
50392,1147,1148,2025-01-27 19:35:00,I need help with money…
50393,1154,1095,2025-01-19 01:12:00,I need help with money…
50394,1304,1452,2025-01-04 07:49:00,Let’s meet sometime.
50395,1108,1428,2025-01-05 01:51:00,"Hey, how are you?"
50396,1236,1151,2025-01-15 07:38:00,Can you send me something urgent?
50397,1308,1002,2025-01-13 11:19:00,You seem interesting!
50398,1352,1376,2025-01-10 16:09:00,Can we talk outside the app?
50399,1070,1022,2025-01-21 10:41:00,Do you like traveling?
50400,1183,1371,2025-01-28 08:11:00,Can we talk outside the app?
50401,1250,1313,2025-01-10 13:52:00,Crypto is a great investment opportunity.
50402,1228,1485,2025-01-28 01:44:00,I need help with money…
50403,1102,1328,2025-01-14 14:14:00,Let’s meet sometime.
50404,1075,1007,2025-01-19 02:04:00,Can we talk outside the app?
50405,1417,1206,2025-01-26 04:40:00,"Hey, how are you?"
50406,1446,1440,2025-01-08 16:40:00,Do you like traveling?
50407,1216,1375,2025-01-29 21:58:00,Can we talk outside the app?
50408,1407,1451,2025-01-08 19:21:00,Do you like traveling?
50409,1399,1114,2025-01-11 01:42:00,What are you looking for here?
50410,1411,1272,2025-01-15 12:04:00,"Hey, how are you?"
50411,1203,1083,2025-01-05 10:22:00,You seem interesting!
50412,1192,1179,2025-01-15 23:40:00,"Hello dear, can I ask you something…"
50413,1249,1210,2025-01-06 17:24:00,Do you like traveling?
50414,1499,1500,2025-01-25 18:29:00,"Hey, how are you?"
50415,1242,1464,2025-01-22 15:21:00,Do you like traveling?
50416,1465,1328,2025-01-11 01:24:00,Do you like traveling?
50417,1179,1124,2025-01-29 13:28:00,Can you send me something urgent?
50418,1437,1481,2025-01-27 10:45:00,Can you send me something urgent?
50419,1462,1113,2025-01-28 19:25:00,"Hey, how are you?"
50420,1219,1012,2025-01-27 01:56:00,Can you send me something urgent?
50421,1082,1126,2025-01-17 13:32:00,Crypto is a great investment opportunity.
50422,1092,1053,2025-01-27 20:32:00,You seem interesting!
50423,1435,1331,2025-01-02 12:01:00,Let’s meet sometime.
50424,1175,1389,2025-01-12 16:43:00,"Hey, how are you?"
50425,1239,1283,2025-01-20 21:06:00,"Hey, how are you?"
50426,1260,1140,2025-01-17 16:24:00,Crypto is a great investment opportunity.
50427,1391,1401,2025-01-28 02:10:00,I need help with money…
50428,1365,1390,2025-01-10 10:54:00,I need help with money…
50429,1163,1097,2025-01-02 16:35:00,Can you send me something urgent?
50430,1048,1005,2025-01-04 22:00:00,Let’s meet sometime.
50431,1329,1057,2025-01-27 02:49:00,Can you send me something urgent?
50432,1328,1412,2025-01-07 22:09:00,What are you looking for here?
50433,1116,1334,2025-01-20 17:39:00,What are you looking for here?
50434,1429,1069,2025-01-17 09:18:00,"Hello dear, can I ask you something…"
50435,1337,1118,2025-01-12 03:33:00,What are you looking for here?
50436,1337,1376,2025-01-20 23:32:00,I need help with money…
50437,1369,1059,2025-01-09 00:44:00,You seem interesting!
50438,1225,1033,2025-01-02 07:41:00,What are you looking for here?
50439,1352,1318,2025-01-08 05:47:00,Can you send me something urgent?
50440,1328,1050,2025-01-01 13:49:00,Do you like traveling?
50441,1147,1368,2025-01-20 01:42:00,"Hey, how are you?"
50442,1063,1489,2025-01-18 04:46:00,You seem interesting!
50443,1294,1019,2025-01-21 21:58:00,You seem interesting!
50444,1323,1214,2025-01-17 20:04:00,Can you send me something urgent?
50445,1443,1197,2025-01-03 08:49:00,"Hey, how are you?"
50446,1325,1379,2025-01-15 18:01:00,I need help with money…
50447,1013,1450,2025-01-06 18:12:00,You seem interesting!
50448,1431,1478,2025-01-08 14:45:00,"Hello dear, can I ask you something…"
50449,1494,1047,2025-01-25 10:16:00,Can you send me something urgent?
50450,1189,1167,2025-01-26 15:39:00,You seem interesting!
50451,1287,1452,2025-01-23 21:27:00,Let’s meet sometime.
50452,1208,1289,2025-01-16 03:45:00,"Hey, how are you?"
50453,1114,1141,2025-01-30 13:53:00,What are you looking for here?
50454,1480,1084,2025-01-26 13:27:00,You seem interesting!
50455,1022,1182,2025-01-16 04:18:00,Can you send me something urgent?
50456,1349,1391,2025-01-01 08:22:00,What are you looking for here?
50457,1214,1079,2025-01-18 13:36:00,"Hello dear, can I ask you something…"
50458,1171,1215,2025-01-11 07:21:00,What are you looking for here?
50459,1323,1014,2025-01-20 02:20:00,Let’s meet sometime.
50460,1054,1215,2025-01-26 13:43:00,I need help with money…
50461,1394,1403,2025-01-02 02:31:00,You seem interesting!
50462,1298,1128,2025-01-04 11:51:00,Can we talk outside the app?
50463,1320,1310,2025-01-17 21:40:00,Can we talk outside the app?
50464,1126,1477,2025-01-08 02:31:00,What are you looking for here?
50465,1277,1248,2025-01-09 20:56:00,Crypto is a great investment opportunity.
50466,1464,1404,2025-01-17 04:40:00,"Hey, how are you?"
50467,1204,1029,2025-01-07 23:17:00,Can we talk outside the app?
50468,1194,1280,2025-01-16 19:45:00,Crypto is a great investment opportunity.
50469,1169,1338,2025-01-02 19:34:00,Can we talk outside the app?
50470,1152,1319,2025-01-03 10:13:00,Crypto is a great investment opportunity.
50471,1035,1202,2025-01-29 20:44:00,"Hey, how are you?"
50472,1184,1361,2025-01-30 05:17:00,Do you like traveling?
50473,1286,1057,2025-01-23 15:50:00,Can we talk outside the app?
50474,1057,1392,2025-01-12 12:09:00,Let’s meet sometime.
50475,1222,1218,2025-01-19 21:10:00,You seem interesting!
50476,1303,1062,2025-01-17 04:06:00,Crypto is a great investment opportunity.
50477,1163,1157,2025-01-03 22:01:00,You seem interesting!
50478,1019,1202,2025-01-05 23:42:00,Can you send me something urgent?
50479,1370,1017,2025-01-11 15:35:00,Can you send me something urgent?
50480,1264,1322,2025-01-25 07:35:00,"Hey, how are you?"
50481,1282,1006,2025-01-15 08:11:00,Crypto is a great investment opportunity.
50482,1113,1058,2025-01-07 21:59:00,"Hello dear, can I ask you something…"
50483,1488,1325,2025-01-08 03:15:00,Can you send me something urgent?
50484,1327,1412,2025-01-14 20:29:00,"Hey, how are you?"
50485,1030,1318,2025-01-05 21:34:00,Can you send me something urgent?
50486,1135,1169,2025-01-15 22:31:00,Can you send me something urgent?
50487,1067,1453,2025-01-23 01:06:00,"Hello dear, can I ask you something…"
50488,1065,1082,2025-01-07 06:49:00,Can we talk outside the app?
50489,1292,1474,2025-01-20 12:26:00,What are you looking for here?
50490,1025,1468,2025-01-26 21:23:00,Do you like traveling?
50491,1037,1425,2025-01-18 19:44:00,Can you send me something urgent?
50492,1001,1433,2025-01-10 22:48:00,Can you send me something urgent?
50493,1399,1219,2025-01-23 13:43:00,Let’s meet sometime.
50494,1037,1177,2025-01-11 15:17:00,Do you like traveling?
50495,1141,1204,2025-01-17 01:23:00,"Hello dear, can I ask you something…"
50496,1232,1071,2025-01-01 02:52:00,You seem interesting!
50497,1136,1387,2025-01-09 08:53:00,Crypto is a great investment opportunity.
50498,1389,1266,2025-01-22 00:05:00,Can you send me something urgent?
50499,1188,1098,2025-01-04 15:52:00,What are you looking for here?
50500,1128,1345,2025-01-15 18:48:00,Crypto is a great investment opportunity.
50501,1201,1291,2025-01-15 05:42:00,Do you like traveling?
50502,1127,1208,2025-01-30 19:23:00,Crypto is a great investment opportunity.
50503,1257,1002,2025-01-12 23:49:00,Can we talk outside the app?
50504,1164,1124,2025-01-29 02:44:00,Can you send me something urgent?
50505,1035,1280,2025-01-05 19:57:00,Crypto is a great investment opportunity.
50506,1194,1074,2025-01-29 22:02:00,You seem interesting!
50507,1191,1166,2025-01-17 04:27:00,You seem interesting!
50508,1104,1022,2025-01-15 16:11:00,Can you send me something urgent?
50509,1023,1154,2025-01-27 23:29:00,I need help with money…
50510,1265,1427,2025-01-04 00:54:00,You seem interesting!
50511,1290,1439,2025-01-27 14:17:00,Crypto is a great investment opportunity.
50512,1430,1295,2025-01-13 19:03:00,"Hey, how are you?"
50513,1462,1219,2025-01-08 20:09:00,You seem interesting!
50514,1384,1157,2025-01-26 10:44:00,Do you like traveling?
50515,1260,1495,2025-01-05 14:49:00,I need help with money…
50516,1414,1230,2025-01-19 10:23:00,Crypto is a great investment opportunity.
50517,1479,1020,2025-01-04 02:05:00,"Hello dear, can I ask you something…"
50518,1358,1475,2025-01-04 23:19:00,Let’s meet sometime.
50519,1075,1041,2025-01-25 20:38:00,"Hello dear, can I ask you something…"
50520,1355,1438,2025-01-25 23:29:00,Can we talk outside the app?
50521,1072,1148,2025-01-11 21:16:00,Let’s meet sometime.
50522,1259,1108,2025-01-26 21:00:00,Can we talk outside the app?
50523,1398,1403,2025-01-30 20:37:00,Let’s meet sometime.
50524,1188,1084,2025-01-20 01:59:00,Let’s meet sometime.
50525,1461,1483,2025-01-07 08:48:00,"Hey, how are you?"
50526,1173,1367,2025-01-15 01:31:00,What are you looking for here?
50527,1480,1322,2025-01-29 16:33:00,Do you like traveling?
50528,1290,1414,2025-01-09 14:23:00,"Hello dear, can I ask you something…"
50529,1045,1309,2025-01-28 22:46:00,You seem interesting!
50530,1061,1290,2025-01-08 04:52:00,Crypto is a great investment opportunity.
50531,1083,1406,2025-01-25 22:12:00,I need help with money…
50532,1123,1323,2025-01-09 20:15:00,Do you like traveling?
50533,1358,1134,2025-01-18 21:31:00,Can we talk outside the app?
50534,1016,1207,2025-01-01 17:26:00,"Hey, how are you?"
50535,1066,1283,2025-01-01 15:00:00,Can we talk outside the app?
50536,1424,1266,2025-01-28 20:40:00,What are you looking for here?
50537,1145,1073,2025-01-27 15:59:00,I need help with money…
50538,1375,1481,2025-01-21 15:03:00,"Hey, how are you?"
50539,1162,1352,2025-01-18 03:50:00,Can we talk outside the app?
50540,1234,1048,2025-01-21 12:17:00,What are you looking for here?
50541,1380,1326,2025-01-02 22:31:00,Crypto is a great investment opportunity.
50542,1144,1233,2025-01-11 15:23:00,Crypto is a great investment opportunity.
50543,1358,1443,2025-01-01 19:11:00,Can we talk outside the app?
50544,1188,1100,2025-01-12 10:50:00,Do you like traveling?
50545,1322,1059,2025-01-06 20:24:00,I need help with money…
50546,1450,1258,2025-01-28 04:06:00,Can you send me something urgent?
50547,1474,1413,2025-01-16 01:39:00,Do you like traveling?
50548,1013,1452,2025-01-02 08:48:00,Crypto is a great investment opportunity.
50549,1184,1065,2025-01-22 11:51:00,I need help with money…
50550,1111,1083,2025-01-19 12:16:00,What are you looking for here?
50551,1415,1154,2025-01-15 22:37:00,"Hey, how are you?"
50552,1290,1473,2025-01-18 20:49:00,Let’s meet sometime.
50553,1295,1266,2025-01-17 17:47:00,Can we talk outside the app?
50554,1451,1309,2025-01-01 05:51:00,"Hello dear, can I ask you something…"
50555,1392,1079,2025-01-04 21:05:00,I need help with money…
50556,1215,1315,2025-01-14 10:35:00,You seem interesting!
50557,1462,1150,2025-01-02 15:06:00,What are you looking for here?
50558,1120,1435,2025-01-26 17:19:00,Can you send me something urgent?
50559,1382,1048,2025-01-26 20:23:00,Let’s meet sometime.
50560,1055,1405,2025-01-16 16:09:00,You seem interesting!
50561,1027,1379,2025-01-16 09:27:00,Can you send me something urgent?
50562,1118,1248,2025-01-24 09:50:00,"Hello dear, can I ask you something…"
50563,1221,1278,2025-01-25 13:47:00,Crypto is a great investment opportunity.
50564,1231,1356,2025-01-29 08:08:00,Do you like traveling?
50565,1053,1098,2025-01-07 11:11:00,Can we talk outside the app?
50566,1295,1414,2025-01-14 18:37:00,"Hey, how are you?"
50567,1321,1025,2025-01-28 10:26:00,Can you send me something urgent?
50568,1401,1493,2025-01-29 22:03:00,Let’s meet sometime.
50569,1233,1284,2025-01-05 20:07:00,I need help with money…
50570,1158,1449,2025-01-26 05:03:00,Crypto is a great investment opportunity.
50571,1437,1369,2025-01-09 00:58:00,I need help with money…
50572,1269,1301,2025-01-24 16:07:00,Let’s meet sometime.
50573,1021,1068,2025-01-29 08:52:00,I need help with money…
50574,1403,1007,2025-01-12 14:46:00,Can you send me something urgent?
50575,1053,1305,2025-01-28 00:17:00,What are you looking for here?
50576,1275,1137,2025-01-26 21:25:00,I need help with money…
50577,1313,1164,2025-01-10 02:38:00,Do you like traveling?
50578,1281,1083,2025-01-21 21:11:00,"Hello dear, can I ask you something…"
50579,1214,1385,2025-01-12 17:11:00,"Hey, how are you?"
50580,1031,1138,2025-01-28 03:16:00,Can you send me something urgent?
50581,1337,1420,2025-01-01 01:06:00,You seem interesting!
50582,1183,1073,2025-01-06 08:50:00,Let’s meet sometime.
50583,1023,1237,2025-01-04 17:38:00,Crypto is a great investment opportunity.
50584,1032,1046,2025-01-26 06:56:00,Can you send me something urgent?
50585,1446,1106,2025-01-09 03:49:00,What are you looking for here?
50586,1074,1416,2025-01-03 06:43:00,Crypto is a great investment opportunity.
50587,1010,1288,2025-01-10 16:54:00,Do you like traveling?
50588,1484,1262,2025-01-09 08:30:00,Let’s meet sometime.
50589,1456,1176,2025-01-13 17:26:00,Crypto is a great investment opportunity.
50590,1054,1166,2025-01-23 18:52:00,I need help with money…
50591,1052,1145,2025-01-04 16:38:00,Can you send me something urgent?
50592,1148,1330,2025-01-30 12:06:00,"Hello dear, can I ask you something…"
50593,1160,1370,2025-01-17 03:19:00,Let’s meet sometime.
50594,1370,1283,2025-01-03 17:43:00,Can we talk outside the app?
50595,1014,1054,2025-01-09 00:58:00,Do you like traveling?
50596,1178,1178,2025-01-27 05:41:00,"Hey, how are you?"
50597,1412,1419,2025-01-14 04:46:00,Let’s meet sometime.
50598,1366,1244,2025-01-14 19:44:00,What are you looking for here?
50599,1500,1341,2025-01-06 01:07:00,Can you send me something urgent?
50600,1053,1127,2025-01-13 02:17:00,I need help with money…
50601,1408,1409,2025-01-28 07:39:00,"Hey, how are you?"
50602,1335,1412,2025-01-12 10:05:00,"Hey, how are you?"
50603,1022,1367,2025-01-18 15:12:00,Do you like traveling?
50604,1030,1271,2025-01-06 11:26:00,Crypto is a great investment opportunity.
50605,1191,1132,2025-01-02 14:09:00,What are you looking for here?
50606,1260,1093,2025-01-02 23:55:00,Crypto is a great investment opportunity.
50607,1205,1379,2025-01-27 11:08:00,I need help with money…
50608,1059,1073,2025-01-03 22:14:00,"Hey, how are you?"
50609,1471,1411,2025-01-14 06:35:00,What are you looking for here?
50610,1264,1410,2025-01-04 12:17:00,What are you looking for here?
50611,1466,1403,2025-01-15 21:11:00,You seem interesting!
50612,1012,1248,2025-01-28 17:55:00,Can you send me something urgent?
50613,1119,1348,2025-01-02 21:36:00,"Hey, how are you?"
50614,1415,1273,2025-01-19 06:54:00,"Hey, how are you?"
50615,1462,1043,2025-01-24 02:29:00,What are you looking for here?
50616,1290,1377,2025-01-12 21:14:00,Crypto is a great investment opportunity.
50617,1338,1041,2025-01-06 04:06:00,"Hey, how are you?"
50618,1248,1170,2025-01-22 13:52:00,What are you looking for here?
50619,1354,1434,2025-01-04 19:28:00,"Hey, how are you?"
50620,1127,1212,2025-01-20 12:14:00,What are you looking for here?
50621,1075,1493,2025-01-01 09:00:00,You seem interesting!
50622,1361,1168,2025-01-29 07:35:00,Can you send me something urgent?
50623,1204,1039,2025-01-03 13:43:00,What are you looking for here?
50624,1049,1369,2025-01-18 00:45:00,"Hey, how are you?"
50625,1079,1245,2025-01-11 17:39:00,I need help with money…
50626,1441,1151,2025-01-03 20:26:00,Can you send me something urgent?
50627,1479,1111,2025-01-13 18:22:00,You seem interesting!
50628,1241,1480,2025-01-27 00:02:00,What are you looking for here?
50629,1349,1436,2025-01-26 21:53:00,I need help with money…
50630,1154,1047,2025-01-14 00:26:00,What are you looking for here?
50631,1274,1063,2025-01-27 02:52:00,Crypto is a great investment opportunity.
50632,1096,1225,2025-01-10 09:53:00,"Hey, how are you?"
50633,1214,1366,2025-01-20 14:11:00,Let’s meet sometime.
50634,1294,1069,2025-01-21 23:53:00,Do you like traveling?
50635,1209,1299,2025-01-10 15:25:00,"Hello dear, can I ask you something…"
50636,1343,1432,2025-01-14 02:57:00,Crypto is a great investment opportunity.
50637,1088,1290,2025-01-05 21:06:00,I need help with money…
50638,1306,1296,2025-01-10 22:22:00,Crypto is a great investment opportunity.
50639,1264,1203,2025-01-19 03:16:00,Can we talk outside the app?
50640,1425,1061,2025-01-15 01:15:00,What are you looking for here?
50641,1390,1434,2025-01-29 13:52:00,What are you looking for here?
50642,1325,1451,2025-01-14 19:43:00,"Hello dear, can I ask you something…"
50643,1428,1318,2025-01-12 10:10:00,"Hello dear, can I ask you something…"
50644,1377,1314,2025-01-08 10:35:00,Can we talk outside the app?
50645,1320,1161,2025-01-04 08:14:00,"Hey, how are you?"
50646,1157,1331,2025-01-09 02:49:00,Do you like traveling?
50647,1156,1016,2025-01-13 12:29:00,Let’s meet sometime.
50648,1139,1338,2025-01-22 04:45:00,Let’s meet sometime.
50649,1121,1094,2025-01-02 23:32:00,You seem interesting!
50650,1065,1304,2025-01-19 21:22:00,You seem interesting!
50651,1107,1138,2025-01-02 03:23:00,"Hey, how are you?"
50652,1147,1338,2025-01-13 08:25:00,You seem interesting!
50653,1137,1038,2025-01-10 13:45:00,You seem interesting!
50654,1411,1127,2025-01-28 21:02:00,Can we talk outside the app?
50655,1162,1275,2025-01-27 01:27:00,Can we talk outside the app?
50656,1428,1164,2025-01-15 19:16:00,You seem interesting!
50657,1452,1443,2025-01-07 21:20:00,Crypto is a great investment opportunity.
50658,1100,1319,2025-01-17 21:43:00,Can you send me something urgent?
50659,1338,1077,2025-01-03 14:26:00,Can you send me something urgent?
50660,1399,1174,2025-01-30 19:27:00,"Hey, how are you?"
50661,1307,1387,2025-01-07 21:18:00,Let’s meet sometime.
50662,1141,1458,2025-01-25 17:08:00,"Hello dear, can I ask you something…"
50663,1083,1358,2025-01-19 11:11:00,"Hey, how are you?"
50664,1177,1321,2025-01-24 07:19:00,You seem interesting!
50665,1198,1376,2025-01-01 00:06:00,Can we talk outside the app?
50666,1112,1091,2025-01-20 01:54:00,What are you looking for here?
50667,1056,1238,2025-01-21 18:28:00,Crypto is a great investment opportunity.
50668,1460,1264,2025-01-05 12:50:00,I need help with money…
50669,1179,1179,2025-01-06 05:22:00,Can we talk outside the app?
50670,1421,1494,2025-01-21 10:41:00,Can you send me something urgent?
50671,1401,1490,2025-01-26 21:01:00,Can we talk outside the app?
50672,1186,1209,2025-01-29 11:39:00,Crypto is a great investment opportunity.
50673,1471,1073,2025-01-21 00:53:00,"Hello dear, can I ask you something…"
50674,1218,1390,2025-01-28 13:21:00,You seem interesting!
50675,1413,1107,2025-01-11 15:59:00,What are you looking for here?
50676,1417,1345,2025-01-12 16:25:00,Can you send me something urgent?
50677,1316,1295,2025-01-25 02:47:00,Can you send me something urgent?
50678,1475,1369,2025-01-16 04:57:00,Do you like traveling?
50679,1217,1444,2025-01-03 06:06:00,Let’s meet sometime.
50680,1120,1284,2025-01-20 17:56:00,"Hello dear, can I ask you something…"
50681,1439,1353,2025-01-20 17:53:00,Can you send me something urgent?
50682,1394,1182,2025-01-02 21:51:00,Let’s meet sometime.
50683,1175,1037,2025-01-26 23:27:00,Can you send me something urgent?
50684,1023,1137,2025-01-26 23:24:00,You seem interesting!
50685,1213,1338,2025-01-10 15:28:00,Let’s meet sometime.
50686,1405,1056,2025-01-14 12:54:00,Crypto is a great investment opportunity.
50687,1235,1187,2025-01-15 09:03:00,Do you like traveling?
50688,1013,1341,2025-01-06 19:05:00,You seem interesting!
50689,1101,1258,2025-01-30 05:54:00,Crypto is a great investment opportunity.
50690,1417,1445,2025-01-13 07:35:00,What are you looking for here?
50691,1024,1058,2025-01-05 01:10:00,"Hello dear, can I ask you something…"
50692,1364,1363,2025-01-27 15:41:00,"Hello dear, can I ask you something…"
50693,1011,1123,2025-01-07 00:02:00,I need help with money…
50694,1273,1188,2025-01-02 12:36:00,I need help with money…
50695,1452,1230,2025-01-14 21:26:00,Let’s meet sometime.
50696,1431,1168,2025-01-04 09:48:00,"Hello dear, can I ask you something…"
50697,1281,1420,2025-01-14 11:50:00,Let’s meet sometime.
50698,1094,1114,2025-01-16 10:45:00,I need help with money…
50699,1201,1252,2025-01-26 04:21:00,What are you looking for here?
50700,1021,1107,2025-01-27 14:32:00,Can you send me something urgent?
50701,1340,1037,2025-01-10 03:03:00,Crypto is a great investment opportunity.
50702,1467,1335,2025-01-24 12:45:00,Can we talk outside the app?
50703,1211,1092,2025-01-07 20:31:00,Let’s meet sometime.
50704,1140,1018,2025-01-27 05:56:00,What are you looking for here?
50705,1293,1354,2025-01-05 03:16:00,Crypto is a great investment opportunity.
50706,1298,1063,2025-01-20 18:19:00,"Hello dear, can I ask you something…"
50707,1401,1150,2025-01-05 23:42:00,Can you send me something urgent?
50708,1101,1139,2025-01-20 22:36:00,Crypto is a great investment opportunity.
50709,1304,1186,2025-01-06 10:08:00,Do you like traveling?
50710,1359,1185,2025-01-12 11:33:00,I need help with money…
50711,1028,1205,2025-01-21 07:33:00,Crypto is a great investment opportunity.
50712,1041,1260,2025-01-27 04:41:00,Can we talk outside the app?
50713,1355,1214,2025-01-25 08:51:00,What are you looking for here?
50714,1303,1256,2025-01-08 12:38:00,Can you send me something urgent?
50715,1496,1135,2025-01-08 19:53:00,You seem interesting!
50716,1146,1061,2025-01-01 02:48:00,Crypto is a great investment opportunity.
50717,1256,1363,2025-01-13 07:58:00,"Hey, how are you?"
50718,1462,1310,2025-01-03 15:35:00,Can we talk outside the app?
50719,1227,1088,2025-01-18 02:20:00,Can we talk outside the app?
50720,1236,1324,2025-01-30 18:29:00,"Hey, how are you?"
50721,1361,1476,2025-01-20 15:03:00,Do you like traveling?
50722,1380,1207,2025-01-04 14:52:00,You seem interesting!
50723,1455,1129,2025-01-06 04:34:00,I need help with money…
50724,1489,1311,2025-01-15 19:50:00,What are you looking for here?
50725,1013,1003,2025-01-19 03:39:00,Can you send me something urgent?
50726,1210,1462,2025-01-05 13:58:00,What are you looking for here?
50727,1229,1422,2025-01-05 00:11:00,You seem interesting!
50728,1397,1242,2025-01-24 07:38:00,What are you looking for here?
50729,1100,1121,2025-01-17 15:11:00,"Hey, how are you?"
50730,1031,1385,2025-01-17 11:53:00,Can we talk outside the app?
50731,1386,1102,2025-01-01 11:29:00,What are you looking for here?
50732,1016,1038,2025-01-28 15:04:00,Let’s meet sometime.
50733,1137,1341,2025-01-19 13:48:00,Crypto is a great investment opportunity.
50734,1329,1496,2025-01-01 09:29:00,You seem interesting!
50735,1166,1413,2025-01-24 20:18:00,Do you like traveling?
50736,1459,1133,2025-01-08 18:46:00,Let’s meet sometime.
50737,1310,1497,2025-01-16 01:54:00,"Hey, how are you?"
50738,1440,1202,2025-01-18 06:54:00,"Hello dear, can I ask you something…"
50739,1470,1348,2025-01-30 08:39:00,"Hey, how are you?"
50740,1481,1021,2025-01-14 11:06:00,Do you like traveling?
50741,1100,1242,2025-01-02 23:56:00,Do you like traveling?
50742,1109,1455,2025-01-30 20:05:00,Let’s meet sometime.
50743,1343,1451,2025-01-14 15:41:00,Crypto is a great investment opportunity.
50744,1173,1109,2025-01-10 05:12:00,You seem interesting!
50745,1237,1303,2025-01-12 08:26:00,I need help with money…
50746,1162,1084,2025-01-06 17:30:00,Can we talk outside the app?
50747,1393,1083,2025-01-24 18:06:00,Let’s meet sometime.
50748,1216,1291,2025-01-09 16:12:00,Do you like traveling?
50749,1264,1452,2025-01-16 03:45:00,"Hello dear, can I ask you something…"
50750,1263,1069,2025-01-15 00:48:00,Can you send me something urgent?
50751,1292,1129,2025-01-04 00:04:00,Do you like traveling?
50752,1274,1196,2025-01-12 04:13:00,Crypto is a great investment opportunity.
50753,1003,1140,2025-01-06 14:23:00,Crypto is a great investment opportunity.
50754,1028,1444,2025-01-16 07:53:00,Do you like traveling?
50755,1326,1283,2025-01-01 17:39:00,Crypto is a great investment opportunity.
50756,1492,1312,2025-01-19 14:06:00,Let’s meet sometime.
50757,1428,1234,2025-01-28 00:34:00,Do you like traveling?
50758,1149,1023,2025-01-27 10:04:00,Do you like traveling?
50759,1028,1153,2025-01-12 05:17:00,You seem interesting!
50760,1488,1277,2025-01-05 18:55:00,Can we talk outside the app?
50761,1310,1061,2025-01-20 09:07:00,"Hello dear, can I ask you something…"
50762,1438,1319,2025-01-15 06:48:00,Crypto is a great investment opportunity.
50763,1065,1378,2025-01-27 14:04:00,You seem interesting!
50764,1356,1052,2025-01-29 20:22:00,I need help with money…
50765,1021,1344,2025-01-15 12:04:00,I need help with money…
50766,1252,1153,2025-01-17 23:09:00,What are you looking for here?
50767,1235,1237,2025-01-20 17:46:00,Let’s meet sometime.
50768,1227,1311,2025-01-16 04:49:00,Let’s meet sometime.
50769,1013,1302,2025-01-14 03:54:00,"Hey, how are you?"
50770,1313,1032,2025-01-22 20:15:00,"Hello dear, can I ask you something…"
50771,1049,1055,2025-01-18 08:08:00,Do you like traveling?
50772,1118,1352,2025-01-03 01:33:00,Crypto is a great investment opportunity.
50773,1054,1389,2025-01-21 17:44:00,"Hello dear, can I ask you something…"
50774,1138,1036,2025-01-19 16:46:00,What are you looking for here?
50775,1053,1110,2025-01-26 15:25:00,"Hey, how are you?"
50776,1044,1490,2025-01-21 22:49:00,You seem interesting!
50777,1303,1177,2025-01-20 16:48:00,"Hello dear, can I ask you something…"
50778,1053,1362,2025-01-06 14:04:00,You seem interesting!
50779,1074,1314,2025-01-07 17:50:00,I need help with money…
50780,1046,1295,2025-01-26 15:10:00,Crypto is a great investment opportunity.
50781,1013,1336,2025-01-15 11:43:00,What are you looking for here?
50782,1165,1097,2025-01-18 01:54:00,Do you like traveling?
50783,1102,1369,2025-01-23 03:46:00,Crypto is a great investment opportunity.
50784,1280,1213,2025-01-18 23:50:00,Can we talk outside the app?
50785,1258,1317,2025-01-27 05:35:00,Let’s meet sometime.
50786,1470,1137,2025-01-14 13:27:00,What are you looking for here?
50787,1337,1006,2025-01-03 20:32:00,"Hello dear, can I ask you something…"
50788,1356,1499,2025-01-27 01:21:00,Crypto is a great investment opportunity.
50789,1398,1109,2025-01-25 09:18:00,Can you send me something urgent?
50790,1138,1035,2025-01-08 19:02:00,Let’s meet sometime.
50791,1163,1039,2025-01-06 14:37:00,Let’s meet sometime.
50792,1409,1150,2025-01-15 07:29:00,Can you send me something urgent?
50793,1387,1425,2025-01-08 04:42:00,"Hey, how are you?"
50794,1111,1118,2025-01-17 15:07:00,"Hey, how are you?"
50795,1102,1261,2025-01-04 21:44:00,Can you send me something urgent?
50796,1017,1426,2025-01-18 22:09:00,Can we talk outside the app?
50797,1268,1087,2025-01-10 11:44:00,I need help with money…
50798,1182,1465,2025-01-14 20:33:00,Can you send me something urgent?
50799,1372,1076,2025-01-27 08:53:00,I need help with money…
50800,1024,1471,2025-01-15 06:10:00,Crypto is a great investment opportunity.
50801,1029,1464,2025-01-05 17:29:00,Can we talk outside the app?
50802,1171,1451,2025-01-19 15:47:00,What are you looking for here?
50803,1409,1414,2025-01-30 04:20:00,I need help with money…
50804,1228,1313,2025-01-23 19:24:00,Let’s meet sometime.
50805,1378,1383,2025-01-23 04:31:00,Crypto is a great investment opportunity.
50806,1188,1214,2025-01-16 04:00:00,Let’s meet sometime.
50807,1346,1457,2025-01-30 03:31:00,Can we talk outside the app?
50808,1230,1285,2025-01-11 11:43:00,I need help with money…
50809,1321,1239,2025-01-18 23:40:00,You seem interesting!
50810,1340,1165,2025-01-09 09:36:00,Can we talk outside the app?
50811,1119,1087,2025-01-20 13:40:00,Can we talk outside the app?
50812,1156,1141,2025-01-24 06:55:00,You seem interesting!
50813,1272,1160,2025-01-10 22:17:00,Crypto is a great investment opportunity.
50814,1175,1046,2025-01-04 17:49:00,I need help with money…
50815,1465,1372,2025-01-22 05:14:00,I need help with money…
50816,1104,1495,2025-01-02 12:23:00,Let’s meet sometime.
50817,1092,1112,2025-01-15 13:01:00,Can we talk outside the app?
50818,1186,1407,2025-01-04 21:03:00,Can we talk outside the app?
50819,1460,1045,2025-01-04 12:59:00,Do you like traveling?
50820,1283,1401,2025-01-04 03:25:00,What are you looking for here?
50821,1181,1247,2025-01-28 13:13:00,Can we talk outside the app?
50822,1170,1104,2025-01-28 17:17:00,"Hello dear, can I ask you something…"
50823,1187,1085,2025-01-08 22:17:00,What are you looking for here?
50824,1175,1450,2025-01-15 17:14:00,"Hello dear, can I ask you something…"
50825,1222,1485,2025-01-13 12:43:00,I need help with money…
50826,1233,1134,2025-01-24 22:24:00,What are you looking for here?
50827,1162,1108,2025-01-17 10:36:00,Can we talk outside the app?
50828,1421,1018,2025-01-25 11:39:00,You seem interesting!
50829,1134,1094,2025-01-13 06:08:00,Let’s meet sometime.
50830,1391,1150,2025-01-11 12:14:00,"Hello dear, can I ask you something…"
50831,1480,1246,2025-01-23 07:50:00,What are you looking for here?
50832,1224,1289,2025-01-16 14:54:00,Can we talk outside the app?
50833,1153,1414,2025-01-10 18:14:00,What are you looking for here?
50834,1033,1209,2025-01-29 07:26:00,Can we talk outside the app?
50835,1055,1126,2025-01-26 23:08:00,Can we talk outside the app?
50836,1442,1235,2025-01-27 19:58:00,Can we talk outside the app?
50837,1007,1416,2025-01-08 03:46:00,Do you like traveling?
50838,1244,1426,2025-01-27 05:22:00,Let’s meet sometime.
50839,1313,1499,2025-01-24 17:47:00,You seem interesting!
50840,1126,1462,2025-01-30 06:52:00,You seem interesting!
50841,1012,1122,2025-01-14 02:33:00,What are you looking for here?
50842,1016,1138,2025-01-22 00:11:00,What are you looking for here?
50843,1208,1495,2025-01-04 18:56:00,Can we talk outside the app?
50844,1043,1115,2025-01-09 12:17:00,Do you like traveling?
50845,1373,1420,2025-01-07 07:12:00,Can we talk outside the app?
50846,1484,1162,2025-01-27 09:53:00,Do you like traveling?
50847,1461,1201,2025-01-29 21:58:00,Can we talk outside the app?
50848,1135,1234,2025-01-04 21:13:00,"Hello dear, can I ask you something…"
50849,1228,1028,2025-01-09 21:55:00,"Hello dear, can I ask you something…"
50850,1111,1011,2025-01-16 02:27:00,I need help with money…
50851,1307,1206,2025-01-24 12:58:00,Can we talk outside the app?
50852,1457,1167,2025-01-19 15:02:00,Let’s meet sometime.
50853,1160,1247,2025-01-08 06:02:00,I need help with money…
50854,1331,1047,2025-01-22 18:39:00,What are you looking for here?
50855,1264,1246,2025-01-30 08:50:00,Crypto is a great investment opportunity.
50856,1225,1127,2025-01-02 12:15:00,Can we talk outside the app?
50857,1471,1147,2025-01-23 16:40:00,"Hello dear, can I ask you something…"
50858,1217,1118,2025-01-14 04:30:00,Crypto is a great investment opportunity.
50859,1456,1399,2025-01-11 21:32:00,Do you like traveling?
50860,1045,1382,2025-01-16 06:58:00,Crypto is a great investment opportunity.
50861,1214,1412,2025-01-15 16:13:00,Let’s meet sometime.
50862,1059,1152,2025-01-29 17:57:00,Can we talk outside the app?
50863,1132,1072,2025-01-24 14:07:00,You seem interesting!
50864,1104,1363,2025-01-14 15:20:00,Crypto is a great investment opportunity.
50865,1195,1137,2025-01-16 13:03:00,You seem interesting!
50866,1413,1175,2025-01-19 03:32:00,Do you like traveling?
50867,1489,1289,2025-01-04 23:00:00,I need help with money…
50868,1157,1446,2025-01-27 01:42:00,You seem interesting!
50869,1098,1481,2025-01-07 02:40:00,I need help with money…
50870,1226,1019,2025-01-16 11:19:00,"Hello dear, can I ask you something…"
50871,1412,1195,2025-01-07 11:37:00,Can we talk outside the app?
50872,1205,1330,2025-01-20 04:33:00,Crypto is a great investment opportunity.
50873,1079,1424,2025-01-18 12:46:00,"Hello dear, can I ask you something…"
50874,1124,1175,2025-01-09 18:23:00,"Hello dear, can I ask you something…"
50875,1471,1490,2025-01-04 18:58:00,Can you send me something urgent?
50876,1428,1449,2025-01-18 22:26:00,"Hey, how are you?"
50877,1218,1413,2025-01-02 15:53:00,Let’s meet sometime.
50878,1004,1434,2025-01-19 14:05:00,I need help with money…
50879,1090,1354,2025-01-19 00:36:00,Can you send me something urgent?
50880,1104,1499,2025-01-18 05:03:00,"Hey, how are you?"
50881,1393,1141,2025-01-05 04:56:00,Let’s meet sometime.
50882,1119,1246,2025-01-20 05:12:00,I need help with money…
50883,1133,1385,2025-01-20 18:23:00,Can we talk outside the app?
50884,1312,1418,2025-01-04 20:22:00,Let’s meet sometime.
50885,1096,1093,2025-01-10 14:48:00,Crypto is a great investment opportunity.
50886,1468,1432,2025-01-16 17:23:00,"Hello dear, can I ask you something…"
50887,1434,1239,2025-01-06 11:49:00,"Hey, how are you?"
50888,1331,1205,2025-01-23 19:49:00,"Hey, how are you?"
50889,1143,1048,2025-01-27 10:12:00,"Hey, how are you?"
50890,1288,1433,2025-01-16 16:03:00,I need help with money…
50891,1028,1245,2025-01-04 16:09:00,Crypto is a great investment opportunity.
50892,1278,1320,2025-01-29 22:49:00,Let’s meet sometime.
50893,1233,1317,2025-01-30 18:43:00,"Hello dear, can I ask you something…"
50894,1017,1413,2025-01-28 07:11:00,Crypto is a great investment opportunity.
50895,1059,1295,2025-01-28 12:47:00,Can you send me something urgent?
50896,1090,1128,2025-01-19 03:53:00,Can we talk outside the app?
50897,1492,1344,2025-01-25 04:36:00,You seem interesting!
50898,1199,1282,2025-01-26 09:20:00,Crypto is a great investment opportunity.
50899,1362,1017,2025-01-17 22:03:00,Can you send me something urgent?
50900,1441,1071,2025-01-18 08:18:00,"Hello dear, can I ask you something…"
50901,1026,1269,2025-01-28 09:23:00,You seem interesting!
50902,1025,1325,2025-01-13 05:31:00,You seem interesting!
50903,1394,1282,2025-01-17 23:04:00,Crypto is a great investment opportunity.
50904,1301,1305,2025-01-07 12:46:00,"Hey, how are you?"
50905,1339,1451,2025-01-05 20:18:00,What are you looking for here?
50906,1267,1007,2025-01-18 12:49:00,"Hello dear, can I ask you something…"
50907,1461,1314,2025-01-21 21:23:00,"Hey, how are you?"
50908,1181,1305,2025-01-18 13:10:00,"Hello dear, can I ask you something…"
50909,1456,1103,2025-01-29 12:02:00,What are you looking for here?
50910,1360,1309,2025-01-24 09:56:00,Can we talk outside the app?
50911,1068,1193,2025-01-20 05:04:00,What are you looking for here?
50912,1495,1241,2025-01-25 14:21:00,Do you like traveling?
50913,1351,1062,2025-01-07 15:27:00,Crypto is a great investment opportunity.
50914,1412,1017,2025-01-30 05:22:00,Crypto is a great investment opportunity.
50915,1459,1171,2025-01-05 12:19:00,Can you send me something urgent?
50916,1491,1025,2025-01-13 03:16:00,"Hey, how are you?"
50917,1321,1251,2025-01-13 15:44:00,Can you send me something urgent?
50918,1049,1253,2025-01-29 02:09:00,Do you like traveling?
50919,1175,1387,2025-01-28 17:16:00,What are you looking for here?
50920,1052,1207,2025-01-29 10:03:00,Crypto is a great investment opportunity.
50921,1102,1029,2025-01-07 07:43:00,I need help with money…
50922,1216,1117,2025-01-15 23:09:00,What are you looking for here?
50923,1438,1491,2025-01-10 02:24:00,What are you looking for here?
50924,1188,1416,2025-01-21 21:52:00,Do you like traveling?
50925,1057,1282,2025-01-24 13:44:00,Can we talk outside the app?
50926,1047,1380,2025-01-04 08:17:00,"Hello dear, can I ask you something…"
50927,1159,1144,2025-01-14 09:37:00,Do you like traveling?
50928,1489,1025,2025-01-14 14:17:00,"Hello dear, can I ask you something…"
50929,1174,1310,2025-01-30 10:13:00,Crypto is a great investment opportunity.
50930,1242,1156,2025-01-14 01:31:00,Do you like traveling?
50931,1282,1073,2025-01-22 22:37:00,"Hello dear, can I ask you something…"
50932,1241,1120,2025-01-08 22:18:00,Can you send me something urgent?
50933,1370,1312,2025-01-03 17:36:00,Do you like traveling?
50934,1005,1321,2025-01-01 07:26:00,Crypto is a great investment opportunity.
50935,1084,1093,2025-01-07 06:39:00,Do you like traveling?
50936,1308,1086,2025-01-03 01:40:00,Crypto is a great investment opportunity.
50937,1361,1336,2025-01-01 02:06:00,Do you like traveling?
50938,1459,1425,2025-01-04 16:57:00,"Hello dear, can I ask you something…"
50939,1248,1499,2025-01-03 12:56:00,Can we talk outside the app?
50940,1054,1364,2025-01-16 05:25:00,Let’s meet sometime.
50941,1161,1435,2025-01-23 21:29:00,"Hello dear, can I ask you something…"
50942,1434,1118,2025-01-15 17:13:00,"Hey, how are you?"
50943,1422,1233,2025-01-10 11:31:00,You seem interesting!
50944,1411,1199,2025-01-23 10:17:00,Can we talk outside the app?
50945,1226,1206,2025-01-19 21:02:00,Can you send me something urgent?
50946,1015,1413,2025-01-05 17:49:00,What are you looking for here?
50947,1224,1339,2025-01-15 21:41:00,"Hello dear, can I ask you something…"
50948,1061,1147,2025-01-18 02:53:00,Do you like traveling?
50949,1122,1450,2025-01-07 15:49:00,"Hello dear, can I ask you something…"
50950,1277,1425,2025-01-20 00:27:00,I need help with money…
50951,1046,1429,2025-01-03 12:03:00,Can we talk outside the app?
50952,1453,1271,2025-01-14 15:59:00,Let’s meet sometime.
50953,1390,1387,2025-01-16 22:04:00,Can you send me something urgent?
50954,1294,1139,2025-01-21 23:05:00,I need help with money…
50955,1062,1181,2025-01-06 21:23:00,Crypto is a great investment opportunity.
50956,1086,1430,2025-01-17 11:44:00,I need help with money…
50957,1446,1030,2025-01-06 00:35:00,"Hello dear, can I ask you something…"
50958,1210,1057,2025-01-28 16:21:00,Can you send me something urgent?
50959,1078,1232,2025-01-21 11:12:00,"Hello dear, can I ask you something…"
50960,1202,1146,2025-01-13 01:05:00,Crypto is a great investment opportunity.
50961,1302,1435,2025-01-04 09:00:00,What are you looking for here?
50962,1397,1384,2025-01-15 13:24:00,Can you send me something urgent?
50963,1223,1048,2025-01-28 05:31:00,What are you looking for here?
50964,1222,1194,2025-01-07 15:28:00,Can we talk outside the app?
50965,1003,1224,2025-01-11 20:24:00,Can we talk outside the app?
50966,1478,1136,2025-01-16 05:03:00,What are you looking for here?
50967,1006,1022,2025-01-09 21:44:00,Can we talk outside the app?
50968,1093,1006,2025-01-18 14:09:00,Can you send me something urgent?
50969,1008,1204,2025-01-10 12:28:00,Do you like traveling?
50970,1428,1239,2025-01-20 21:32:00,"Hey, how are you?"
50971,1493,1185,2025-01-06 05:17:00,Can we talk outside the app?
50972,1235,1360,2025-01-05 00:29:00,Can we talk outside the app?
50973,1108,1292,2025-01-13 10:16:00,"Hello dear, can I ask you something…"
50974,1161,1335,2025-01-29 15:55:00,What are you looking for here?
50975,1209,1220,2025-01-08 20:01:00,You seem interesting!
50976,1240,1116,2025-01-04 15:22:00,Let’s meet sometime.
50977,1331,1313,2025-01-11 18:17:00,I need help with money…
50978,1333,1049,2025-01-14 15:09:00,Can we talk outside the app?
50979,1050,1173,2025-01-07 21:30:00,I need help with money…
50980,1011,1082,2025-01-16 02:03:00,Can you send me something urgent?
50981,1351,1322,2025-01-30 20:36:00,You seem interesting!
50982,1156,1333,2025-01-25 14:38:00,Let’s meet sometime.
50983,1492,1045,2025-01-06 17:29:00,What are you looking for here?
50984,1070,1335,2025-01-02 19:16:00,"Hey, how are you?"
50985,1169,1020,2025-01-07 21:51:00,Let’s meet sometime.
50986,1272,1448,2025-01-11 05:07:00,Let’s meet sometime.
50987,1068,1221,2025-01-10 20:36:00,"Hey, how are you?"
50988,1355,1123,2025-01-10 19:20:00,Do you like traveling?
50989,1252,1234,2025-01-12 07:52:00,What are you looking for here?
50990,1048,1221,2025-01-24 09:35:00,"Hello dear, can I ask you something…"
50991,1184,1323,2025-01-18 05:28:00,I need help with money…
50992,1320,1339,2025-01-10 11:42:00,Can we talk outside the app?
50993,1187,1003,2025-01-26 01:35:00,Let’s meet sometime.
50994,1090,1182,2025-01-24 13:40:00,Can you send me something urgent?
50995,1446,1206,2025-01-19 05:49:00,"Hey, how are you?"
50996,1332,1320,2025-01-03 13:21:00,I need help with money…
50997,1139,1040,2025-01-14 16:58:00,You seem interesting!
50998,1357,1059,2025-01-09 04:51:00,"Hey, how are you?"
50999,1089,1439,2025-01-11 14:23:00,You seem interesting!
51000,1274,1062,2025-01-06 02:13:00,What are you looking for here?
